{
  "name":"Cube.002Geometry",
  "metadata":{
    "generator":"io_three",
    "normals":12,
    "vertices":12,
    "uvs":0,
    "faces":14,
    "version":3,
    "type":"Geometry",
    "materials": 1
  },
  "normals":[-0.003967,-0.639119,0.769097,0.004028,0.645039,0.764092,-0.651143,0.599261,0.465651,-0.652028,-0.593249,0.472121,-0.002045,-0.64214,-0.766564,-0.655446,-0.596332,-0.463363,-0.647725,0.596118,-0.47441,0.002045,0.641896,-0.766778,0.661336,-0.586779,0.467208,0.638142,-0.611072,-0.468307,0.664815,0.580737,-0.469771,0.641652,0.605518,0.470748],
  "faces":[33,8,9,2,3,0,1,2,3,33,10,7,6,11,4,5,6,7,33,0,4,5,1,8,9,10,11,33,2,6,7,3,2,6,5,3,32,4,0,8,9,8,0,32,8,3,7,0,3,5,32,7,10,4,5,4,9,32,8,7,4,0,5,9,33,0,1,9,8,8,11,1,0,33,4,10,11,5,9,4,7,10,32,2,9,1,2,1,11,32,1,5,11,11,10,7,32,11,6,2,7,6,2,32,1,11,2,11,7,2],
  "uvs":[],
  "vertices":[2,-0.33,-0.5,2,-0.33,0.5,-2,-0.33,0.5,-2,-0.33,-0.5,2,0.33,-0.549999,2,0.33,0.45,-2,0.33,0.5,-2,0.33,-0.5,0,-1,-0.5,0,-1,0.5,0,1,-0.5,-1e-06,1,0.5],
  "materials": [	{
    "DbgColor" : 15658734,
    "DbgIndex" : 0,
    "DbgName" : "Material.002",
    "colorDiffuse" : [0.021291551311188206, 0.2610946217342409, 0.06005598396146272],
    "colorSpecular" : [0.5, 0.5, 0.5],
    "shading" : "Lambert",
    "specularCoef" : 50,
    "opacity" : 1.0,
    "vertexColors" : false
  }]
}