{
  "name":"Cube.001Geometry.1",
  "metadata":{
    "generator":"io_three",
    "normals":10,
    "vertices":10,
    "uvs":0,
    "faces":11,
    "version":3,
    "type":"Geometry"
  },
  "normals":[-0.00235,-0.618671,-0.785638,-0.68099,-0.604877,-0.412702,-0.672658,0.606464,-0.423902,0.00235,0.619068,-0.785302,0.584674,-0.571215,0.576037,0.667531,-0.617664,-0.415754,0.686117,0.59331,-0.420942,0.569811,0.583453,0.578631,-0.575732,0.580523,0.575732,-0.578936,-0.574114,0.578936],
  "faces":[33,8,7,6,9,0,1,2,3,33,0,4,5,1,4,5,6,7,33,2,6,7,3,8,2,1,9,32,4,0,3,5,4,9,32,3,7,8,9,1,0,32,3,8,4,9,0,5,33,4,8,9,5,5,0,3,6,32,6,2,1,2,8,7,32,1,5,9,7,6,3,32,1,9,6,7,3,2,33,3,0,1,2,9,4,7,8],
  "uvs":[],
  "vertices":[2,-0.8,-0.5,2,-0.8,0.5,-2,-0.8,0.5,-2,-0.8,-0.5,2,0.2,-0.549999,2,0.2,0.45,-2,0.2,0.5,-2,0.2,-0.5,0,1.2,-0.5,-1e-06,1.2,0.5]
}